npi,provider_full_name,nppes_provider_city,specialty_description,brand_claims,total_claims,percentage_brand_claims,percentile_percentage_brand_claims,avg_drug_cost,percentile_avg_drug_cost,total_payments,percentile_total_payments
1881643310,Laura Duskin,SAN FRANCISCO,Psychiatry & Neurology,0.0,987,0.12158054711246200608,11,103.15331306990882,55,0.0,1
1558498196,Monica Caselli,SAN FRANCISCO,Psychiatry,103.0,1744,0.24483944954128440367,56,68.34232798165135,35,0.0,1
1831399369,Helena Chan,SAN FRANCISCO,Psychiatry,184.0,4465,0.17446808510638297872,25,79.84681298992164,42,0.0,1
1447450044,Jennifer Cummings,SAN FRANCISCO,Psychiatry & Neurology,46.0,1651,0.24227740763173834040,55,184.75104179285285,88,0.0,2
1639257272,Yulan Liao,SAN FRANCISCO,Psychiatry,373.0,3240,0.22654320987654320988,49,67.34050308641977,34,0.0,2
1942408638,Emily Baldwin,SAN FRANCISCO,Psychiatry,0.0,914,0.22647702407002188184,49,119.62892778993437,67,0.0,2
1376671784,Kristen Brooks,SAN FRANCISCO,Psychiatry,95.0,1658,0.25572979493365500603,59,53.63234620024126,24,0.0,3
1154689628,Jade Zapata,SAN FRANCISCO,Psychiatry & Neurology,0.0,509,0.23182711198428290766,51,63.61290766208252,32,0.0,3
1083859474,Judith Street,SAN FRANCISCO,Psychiatry & Neurology,0.0,473,0.05496828752642706131,4,25.136786469344607,8,0.0,3
1750403184,Khenu Singh,SAN FRANCISCO,Psychiatry & Neurology,0.0,288,0.21875000000000000000,45,150.3912152777778,81,0.0,4
1639193659,Christopher Dunham,SAN FRANCISCO,Psychiatry & Neurology,36.0,1550,0.19290322580645161290,35,94.43850967741938,51,0.0,4
1962454157,Descartes Li,SAN FRANCISCO,Psychiatry,0.0,440,0.23863636363636363636,53,15.52325,2,0.0,4
1396774436,Peggy Kwun,SAN FRANCISCO,Psychiatry,11.0,2984,0.16085790884718498660,19,146.33821045576406,79,0.0,5
1053670893,Erick Rizzotto,SAN FRANCISCO,Psychiatry & Neurology,32.0,224,0.33035714285714285714,77,58.49267857142858,28,0.0,5
1699843698,Thomas Quirk,SAN FRANCISCO,Psychiatry,0.0,368,0.04347826086956521739,3,9.57228260869565,1,0.0,5
1861571713,Bruce Victor,SAN FRANCISCO,Psychiatry & Neurology,162.0,571,0.35201401050788091068,83,214.0213660245184,92,0.0,6
1962656439,Fumi Mitsuishi,SAN FRANCISCO,Psychiatry,0.0,1791,0.30094919039642657733,72,326.92885538805143,98,0.0,6
1245231133,Thomas Yun,SAN FRANCISCO,Psychiatry & Neurology,0.0,518,0.27992277992277992278,66,93.02664092664094,49,0.0,6
1952431181,Teresita Pontejos-Murphy,SAN FRANCISCO,Psychiatry,100.0,6844,0.28448275862068965517,68,109.04284044418466,61,0.0,7
1932374915,Jacob Sacks,SAN FRANCISCO,Psychiatry & Neurology,0.0,311,0.39549839228295819936,88,71.9117041800643,37,0.0,7
1417940685,Gordon Preston,SAN FRANCISCO,Psychiatry & Neurology,73.0,283,0.34275618374558303887,80,141.56512367491163,76,0.0,7
1568574820,Robin Cooper,SAN FRANCISCO,Psychiatry,27.0,301,0.43189368770764119601,92,26.730996677740862,8,0.0,8
1831323294,Alysia Cirona-Singh,SAN FRANCISCO,Psychiatry & Neurology,0.0,797,0.25846925972396486826,60,14.059949811794233,1,0.0,8
1194814954,Winston Chung,SAN FRANCISCO,Psychiatry,0.0,527,0.06451612903225806452,6,21.732675521821626,6,0.0,8
1750509006,Tracy Foose,SAN FRANCISCO,Psychiatry,0.0,393,0.23918575063613231552,54,145.21814249363868,77,0.0,9
1619267168,Jennifer Mcquade,SAN FRANCISCO,Psychiatry & Neurology,26.0,240,0.15416666666666666667,17,27.330000000000002,9,0.0,9
1346283926,Bruce Baker,SAN FRANCISCO,Psychiatry,36.0,254,0.14173228346456692913,15,19.82799212598425,5,0.0,9
1073840948,Alexis Armenakis,SAN FRANCISCO,Psychiatry & Neurology,116.0,921,0.41259500542888165038,91,71.43449511400652,37,0.0,10
1598837338,Mason Turner,SAN FRANCISCO,Psychiatry,87.0,2712,0.18289085545722713864,30,106.75028761061948,59,0.0,10
1215025713,George Collyer,SAN FRANCISCO,Psychiatry & Neurology,164.0,908,0.57488986784140969163,98,95.94123348017621,52,0.0,10
1518050178,Suma Gona,SAN FRANCISCO,Psychiatry & Neurology,117.0,4266,0.20253164556962025316,38,182.5861603375526,87,0.0,11
1083643134,Paul Linde,SAN FRANCISCO,Psychiatry & Neurology,11.0,322,0.08385093167701863354,8,40.92906832298136,16,0.0,11
1518045145,Thomas Lupton,SOUTH SAN FRANCISCO,Psychiatry & Neurology,20.0,337,0.21364985163204747774,42,61.0727002967359,30,0.0,11
1356483382,Timothy Vandeusen,SAN FRANCISCO,Psychiatry,0.0,225,0.24888888888888888889,58,158.9069777777778,82,0.0,12
1932434628,Jenya Kaufman,SAN FRANCISCO,Psychiatry,11.0,874,0.29061784897025171625,70,253.9659038901602,94,0.0,12
1639231533,Marc Zussman,SAN FRANCISCO,Psychiatry & Neurology,56.0,491,0.32790224032586558045,76,47.546252545824835,20,0.0,12
1821016106,Richard Schoenbrun,SAN FRANCISCO,Psychiatry,132.0,372,0.40322580645161290323,90,19.557741935483868,5,0.0,13
1659564201,Ralph Fenn,SAN FRANCISCO,Psychiatry,796.0,5425,0.28774193548387096774,69,178.44771981566828,86,0.0,13
1902943681,Lynne Mcinnes,SAN FRANCISCO,Psychiatry & Neurology,15.0,1228,0.26547231270358306189,63,87.9957654723127,47,0.0,13
1114036480,John Chamberlain,SAN FRANCISCO,Psychiatry,57.0,702,0.31196581196581196581,73,20.263490028490033,6,0.0,14
1134245566,Christopher Hobart,SAN FRANCISCO,Psychiatry & Neurology,13.0,798,0.35213032581453634085,83,187.14763157894737,89,0.0,14
1710212030,Molly James-Myers,SAN FRANCISCO,Psychiatry & Neurology,25.0,1098,0.08287795992714025501,7,74.87937158469947,39,0.0,14
1114073293,Steven Reidbord,SAN FRANCISCO,Psychiatry,94.0,350,0.31428571428571428571,74,57.991028571428565,27,0.0,15
1851486104,Richard Baldwin,SAN FRANCISCO,Psychiatry,346.0,3056,0.16688481675392670157,22,100.1051701570681,53,0.0,15
1699718783,David Sutherland,SAN FRANCISCO,Psychiatry & Neurology,33.0,531,0.16007532956685499058,19,94.50133709981166,51,0.0,15
1144253105,Richard Shadoan,SAN FRANCISCO,Psychiatry,11.0,1165,0.07639484978540772532,7,36.38103004291846,14,0.0,16
1588792683,Louise Forrest,SAN FRANCISCO,Psychiatry,216.0,4359,0.18926359256710254646,33,53.08378297774719,23,0.0,16
1689903437,Barbara Macdonald,SAN FRANCISCO,Psychiatry & Neurology,151.0,1126,0.22024866785079928952,46,19.672522202486682,5,0.0,16
1851368492,Janos Zahajszky,SAN FRANCISCO,Psychiatry,161.0,1451,0.28738800827015851137,69,35.91289455547899,14,0.0,17
1518044312,Angela Angstmann,SAN FRANCISCO,Psychiatry & Neurology,11.0,2902,0.24913852515506547209,58,122.76967263955895,69,0.0,17
1720166333,Alice Tso,SAN FRANCISCO,Psychiatry,44.0,1214,0.14744645799011532125,16,88.37624382207578,48,0.0,17
1801974456,David Pating,SAN FRANCISCO,Psychiatry,0.0,590,0.16271186440677966102,20,77.18591525423729,40,0.0,18
1376562587,Michael Valan,SAN FRANCISCO,Psychiatry,21.0,662,0.11178247734138972810,10,16.62785498489426,2,0.0,18
1245591452,Melanie Gonzalez,SAN FRANCISCO,Psychiatry,36.0,308,0.46428571428571428571,94,274.7462012987013,95,0.0,18
1598895724,Susan Meffert,SAN FRANCISCO,Psychiatry & Neurology,112.0,319,0.35109717868338557994,82,40.30347962382445,16,0.0,19
1699087205,Wolfgang Muhlhofer,SAN FRANCISCO,Psychiatry & Neurology,0.0,248,0.06451612903225806452,5,44.287177419354826,18,0.0,19
1568765493,Anas Elsaid,SAN FRANCISCO,Psychiatry & Neurology,17.0,1872,0.22435897435897435897,48,104.52980769230768,57,0.0,19
1336405919,Moira Mckinnon Linam,SAN FRANCISCO,Psychiatry & Neurology,0.0,321,0.32087227414330218069,75,86.89981308411215,46,0.0,20
1891717203,Jonathan Lichtmacher,SAN FRANCISCO,Psychiatry,144.0,2063,0.20310227823557925351,38,29.74500242365487,11,0.0,20
1922038405,Frederick Huang,SAN FRANCISCO,Psychiatry & Neurology,90.0,2342,0.23484201537147736977,51,105.53753629376602,58,0.0,20
1720127459,Michael Coleman,SAN FRANCISCO,Psychiatry,100.0,814,0.12285012285012285012,13,19.37707616707617,4,0.0,21
1780027649,Jessica Ellinoy,SAN FRANCISCO,Psychiatry,13.0,331,0.18126888217522658610,29,67.832749244713,35,0.0,21
1639211683,Kim Norman,SAN FRANCISCO,Psychiatry & Neurology,12.0,383,0.09138381201044386423,8,108.86099216710181,61,0.0,21
1457470049,Allen Turpin,SAN FRANCISCO,Psychiatry,448.0,9256,0.19900605012964563526,36,107.12274956784792,60,0.0,22
1922321561,Keith Hermanstyne,SAN FRANCISCO,Psychiatry,11.0,751,0.28761651131824234354,69,28.037323568575243,10,0.0,22
1336224237,Lennart Moller,SAN FRANCISCO,Psychiatry & Neurology,0.0,914,0.24507658643326039387,57,250.0115864332604,94,0.0,22
1740207521,Adair Look,SAN FRANCISCO,Psychiatry & Neurology,75.0,666,0.19819819819819819820,36,63.23336336336336,32,0.0,23
1003936360,Julie Leavitt,SAN FRANCISCO,Psychiatry & Neurology,12.0,286,0.04195804195804195804,3,61.32961538461539,30,0.0,23
1275557381,Robert O'Brien,SAN FRANCISCO,Psychiatry,149.0,1723,0.34416715031921067905,81,113.25219965177016,64,0.0,23
1073850350,Jennifer Brewer,SAN FRANCISCO,Psychiatry,0.0,405,0.13580246913580246914,14,73.69691358024691,38,0.0,24
1457373797,Dongmei Yue,SAN FRANCISCO,Psychiatry,13.0,317,0.16088328075709779180,19,45.10072555205048,18,0.0,24
1215255765,David Vargas,SAN FRANCISCO,Psychiatry & Neurology,186.0,4267,0.21677993906726037028,45,71.88506444808999,37,0.0,24
1801044243,Stuart Washington,SAN FRANCISCO,Psychiatry,0.0,457,0.16849015317286652079,23,275.52671772428886,96,0.0,25
1508893983,Daniel Lowenstein,SAN FRANCISCO,Psychiatry & Neurology,0.0,219,0.49771689497716894977,97,528.3789497716896,100,0.0,25
1295810760,Martin Deasy,SAN FRANCISCO,Psychiatry & Neurology,0.0,1449,0.14492753623188405797,15,104.91426501035194,58,0.0,25
1356361885,Ari Etheridge,SAN FRANCISCO,Psychiatry,39.0,4701,0.28121676239098064242,67,240.11405232929152,93,0.0,26
1265596704,Ramona Davis,SAN FRANCISCO,Psychiatry & Neurology,0.0,1224,0.03676470588235294118,2,84.65399509803923,44,0.0,26
1235255076,Barry Stein,SAN FRANCISCO,Psychiatry,51.0,2765,0.18770343580470162749,32,87.18747558770346,46,0.0,26
1881721678,Anita Ramanathan,SAN FRANCISCO,Psychiatry,288.0,3779,0.16379994707594601746,20,75.43158242921407,40,0.0,27
1639212616,Margaret Copi,SOUTH SAN FRANCISCO,Psychiatry,24.0,401,0.35910224438902743142,86,233.21486284289273,93,0.0,27
1700964327,Frederick Becker,SOUTH SAN FRANCISCO,Psychiatry,113.0,583,0.26243567753001715266,61,84.01536878216122,43,0.0,27
1821028309,Alasdair Donald,SAN FRANCISCO,Psychiatry,0.0,399,0.02756892230576441103,2,17.14240601503759,3,0.0,28
1134163298,Mary De May,SAN FRANCISCO,Psychiatry,119.0,976,0.28381147540983606557,68,108.77447745901637,61,0.0,28
1710184726,Michele Epstein,SAN FRANCISCO,Psychiatry,47.0,455,0.32527472527472527473,76,106.0956043956044,59,0.0,28
1669532313,B. Fisher,SAN FRANCISCO,Psychiatry & Neurology,0.0,885,0.15819209039548022599,18,22.49672316384181,7,0.0,29
1689992133,Weston Fisher,SAN FRANCISCO,Psychiatry,20.0,409,0.26650366748166259169,64,79.58046454767727,41,0.0,29
1497086680,Thomas Brady,SAN FRANCISCO,Psychologist (billing independently),11.0,314,0.09235668789808917197,9,68.2251592356688,35,0.0,29
1790893295,Andre Zanger,SAN FRANCISCO,Psychiatry & Neurology,0.0,229,0E-20,1,15.11703056768559,2,0.0,30
1063585487,Robert Hausner,SAN FRANCISCO,Psychiatry,149.0,10744,0.24413626209977661951,56,93.59469936708861,49,0.0,30
1013138767,Akhil Mehra,SAN FRANCISCO,Psychiatry & Neurology,0.0,317,0.19558359621451104101,35,65.21457413249212,33,0.0,30
1083791503,Virginia Mommsen,SAN FRANCISCO,Psychiatry,107.0,1964,0.33044806517311608961,78,375.81518329938905,99,0.0,31
1255622437,Anna Fiskin,SAN FRANCISCO,Psychiatry & Neurology,25.0,257,0.21011673151750972763,40,135.8944747081712,73,0.0,31
1265511398,Ronald Holt,SOUTH SAN FRANCISCO,Psychiatry,55.0,736,0.25407608695652173913,59,54.51471467391303,24,0.0,31
1467530014,Christopher Eaton,SAN FRANCISCO,Psychiatry & Neurology,151.0,2017,0.22409519087754090233,47,62.236812097173996,31,0.0,32
1881887271,Karen Holden,SAN FRANCISCO,Psychiatry & Neurology,248.0,1209,0.20512820512820512821,39,59.72239867659224,29,0.0,32
1336309897,Emily Watters,SAN FRANCISCO,Psychiatry & Neurology,13.0,371,0.16442048517520215633,21,104.24264150943395,57,0.0,32
1275557795,Israel Katz,SAN FRANCISCO,Psychiatry,0.0,2370,0.21476793248945147679,43,113.33306751054855,65,0.0,33
1063563344,Norman Postone,SAN FRANCISCO,Psychiatry & Neurology,116.0,405,0.37777777777777777778,88,129.63799999999998,72,0.0,33
1851619902,Raviv Berlin,SAN FRANCISCO,Psychiatry,0.0,558,0.26702508960573476703,64,93.87562724014336,50,0.0,33
1417992694,Julia Adler,SAN FRANCISCO,Psychiatry,0.0,692,0.15317919075144508671,17,49.98774566473987,21,0.0,34
1912081308,Paul Abrinko,SAN FRANCISCO,Psychiatry & Neurology,12.0,296,0.45608108108108108108,94,141.10459459459457,76,0.0,34
1528100021,Michael Marcin,SAN FRANCISCO,Psychiatry,90.0,1160,0.18965517241379310345,33,191.66275000000002,89,0.0,34
1679599674,Mehri Brown,SAN FRANCISCO,Psychiatry,15.0,1981,0.25643614336193841494,60,196.7151691065119,90,0.0,35
1710194121,Stephen Fisher,SAN FRANCISCO,Psychologist (billing independently),13.0,358,0.23184357541899441341,51,12.125698324022347,1,0.0,35
1497984314,Jyoti Jain,SAN FRANCISCO,Psychiatry & Neurology,17.0,1057,0.17218543046357615894,24,41.254569536423844,17,0.0,35
1255659355,Eric Arnold,SAN FRANCISCO,Psychiatry,0.0,763,0.14941022280471821756,16,47.25492791612057,20,0.0,36
1457439077,Bradford Crowell,SAN FRANCISCO,Psychiatry & Neurology,107.0,1510,0.24768211920529801325,57,137.34603973509937,75,0.0,36
1184782666,Daniel Dinaburg,SAN FRANCISCO,Psychiatry & Neurology,52.0,1212,0.21287128712871287129,42,34.69390264026403,13,0.0,36
1659462505,Luke Moix,SAN FRANCISCO,Psychiatry & Neurology,536.0,955,0.56125654450261780105,98,54.90309947643979,25,0.0,37
1346310083,Naomi Lam,SAN FRANCISCO,Psychiatry & Neurology,11.0,1738,0.12255466052934407365,12,69.82706559263521,36,0.0,37
1780811703,Robert Turner,SAN FRANCISCO,Psychiatry & Neurology,35.0,209,0.47846889952153110048,95,24.423110047846887,7,0.0,37
1356536841,Rafael Perez-Espejo,SAN FRANCISCO,Psychiatry & Neurology,11.0,1059,0.16713881019830028329,22,53.58979225684609,23,0.0,38
1912192766,Peter Klaphaak,SAN FRANCISCO,Psychiatry & Neurology,190.0,288,0.65972222222222222222,99,94.86583333333333,52,0.0,38
1619055225,Irene Yeh,SAN FRANCISCO,Psychiatry & Neurology,15.0,330,0.44545454545454545455,93,93.92681818181818,50,0.0,38
1073849071,Craig Schiltz,SAN FRANCISCO,Psychiatry,26.0,1299,0.26789838337182448037,64,114.23103926096998,65,0.0,39
1487684965,George Harrison,SAN FRANCISCO,Psychiatry,182.0,13223,0.32972850336534825683,77,102.76761400589875,55,0.0,39
1245256346,Emily Lee,SAN FRANCISCO,Psychiatry & Neurology,552.0,6944,0.15826612903225806452,18,53.786120391705055,24,0.0,39
1811330723,Allanceson Smith,SAN FRANCISCO,Psychiatry & Neurology,13.0,444,0.09684684684684684685,9,32.123536036036036,11,0.0,40
1699803320,Celso Espiritu,SAN FRANCISCO,Psychiatry & Neurology,96.0,915,0.16612021857923497268,21,58.33196721311474,27,0.0,40
1154612885,Anand Iyer,SAN FRANCISCO,Psychiatry & Neurology,0.0,311,0.15434083601286173633,17,85.04353697749197,44,0.0,40
1083867055,Kelly Mills,SAN FRANCISCO,Psychiatry & Neurology,133.0,244,0.71721311475409836066,100,81.8532786885246,43,0.0,41
1023261591,Maria Bradley-Moore,SAN FRANCISCO,Psychiatry,37.0,5321,0.18549144897575643676,31,94.78839691787257,51,0.0,41
1891747119,Ellen Haller,SAN FRANCISCO,Psychiatry & Neurology,38.0,957,0.18599791013584117032,31,60.34041797283178,30,0.0,41
1780754275,Julie Stahl,SAN FRANCISCO,Psychiatry & Neurology,304.0,5640,0.19113475177304964539,34,73.89487588652484,39,0.0,42
1235268624,Erick Hung,SAN FRANCISCO,Psychiatry,92.0,656,0.33993902439024390244,80,52.35757621951218,22,0.0,42
1083635411,Maria Fernandez,SAN FRANCISCO,Psychiatry & Neurology,0.0,601,0.13477537437603993344,13,17.92494176372712,3,0.0,42
1427123439,Sareena Singh,SAN FRANCISCO,Psychiatry & Neurology,13.0,1151,0.04778453518679409209,4,35.901972198088615,13,0.0,43
1992864797,Elizabeth Springer,SAN FRANCISCO,Psychiatry & Neurology,25.0,1847,0.17866811044937736871,28,98.48858148348674,53,0.0,43
1154443042,Pamela Swedlow,SAN FRANCISCO,Psychiatry,34.0,1393,0.26274228284278535535,62,86.57952620244073,46,0.0,43
1083642342,Demian Rose,SAN FRANCISCO,Psychiatry,0.0,790,0.28354430379746835443,67,203.94763291139242,90,0.0,44
1932136678,Anisha Patel-Dunn,SAN FRANCISCO,Psychiatry & Neurology,47.0,457,0.10284463894967177243,10,26.26951859956236,8,0.0,44
1356540652,Sara Delong,SAN FRANCISCO,Psychiatry,12.0,1752,0.19977168949771689498,37,101.1627796803653,54,0.0,44
1518023266,Francisco Gonzalez,SAN FRANCISCO,Psychiatry & Neurology,0.0,529,0.26275992438563327032,62,18.036105860113427,4,0.0,45
1669596482,Gene Nakajima,SAN FRANCISCO,Psychiatry,543.0,4467,0.21155137676292813969,41,100.59600402955004,54,0.0,45
1942517701,Sarah Ryan,SAN FRANCISCO,Psychiatry,0.0,225,0.17777777777777777778,27,281.8868444444444,97,0.0,45
1851451280,James Prince,SAN FRANCISCO,Psychiatry,48.0,2327,0.18220885259991405243,29,115.2890502793296,66,0.0,46
1619055241,Louise Schneider,SAN FRANCISCO,Psychiatry & Neurology,0.0,381,0.28346456692913385827,67,116.628031496063,67,0.0,46
1831216282,Corey Priesman,SAN FRANCISCO,Psychiatry,0.0,394,0.05583756345177664975,5,27.381395939086296,9,0.0,46
1104043975,Kerry Mitchell,SAN FRANCISCO,Neuropsychiatry,35.0,201,0.17412935323383084577,25,88.96960199004975,48,0.0,47
1750500674,Jon Boone,SAN FRANCISCO,Psychiatry & Neurology,21.0,615,0.12195121951219512195,12,27.46954471544715,9,0.0,47
1407991797,Matthew Fitzpatrick,SAN FRANCISCO,Psychiatry,0.0,408,0.49754901960784313725,97,289.7135294117647,98,12.0,47
1780697318,Paul Carlat,SAN FRANCISCO,Psychiatry,285.0,2422,0.24029727497935590421,54,93.27797687861272,49,12.0,48
1093867954,Fredric Phillips,SAN FRANCISCO,Psychiatry & Neurology,0.0,825,0.16606060606060606061,21,105.43917575757575,58,13.0,48
1134151665,Sarah Altschuler,SAN FRANCISCO,Psychiatry & Neurology,15.0,909,0.40704070407040704070,91,281.40905390539046,97,13.0,48
1487794020,John Barker,SAN FRANCISCO,Psychiatry,240.0,2817,0.26304579339723109691,63,132.3681256656017,72,14.0,49
1588996979,Keh-Ming Lin,SAN FRANCISCO,Psychiatry & Neurology,39.0,807,0.12763320941759603470,13,110.53314745972739,63,14.0,49
1568483998,Laura Duffy,SAN FRANCISCO,Psychiatry & Neurology,78.0,568,0.30105633802816901408,73,40.15728873239436,15,15.0,49
1144337403,Rex Taber,SAN FRANCISCO,Psychiatry & Neurology,0.0,634,0.21451104100946372240,43,58.77958990536279,28,15.0,50
1922028885,Hideki Chin,SAN FRANCISCO,Psychiatry,0.0,200,0.05500000000000000000,5,64.62334999999999,33,15.0,50
1245261791,Corinna Gamez,SAN FRANCISCO,Psychiatry & Neurology,30.0,240,1.00000000000000000000,100,114.64554166666666,65,16.0,50
1417009572,Thomas Huffaker,SAN FRANCISCO,Psychiatry & Neurology,239.0,1090,0.31467889908256880734,74,27.53194495412845,10,17.0,51
1427070754,Joe Walker,SAN FRANCISCO,Psychiatry & Neurology,0.0,587,0.35264054514480408859,84,352.4859795570698,99,19.0,51
1841518305,Christopher Stauffer,SAN FRANCISCO,Psychiatry,66.0,6720,0.19002976190476190476,34,85.54410714285711,45,23.0,51
1750419677,Benjamin Barreras,SAN FRANCISCO,Psychiatry,45.0,6900,0.17753623188405797101,26,122.27874637681155,68,25.0,52
1174672505,Leonette Morrison,SAN FRANCISCO,Psychiatry & Neurology,26.0,2685,0.16983240223463687151,23,133.2559776536313,73,29.0,52
1891711990,Dan Karasic,SAN FRANCISCO,Psychiatry,83.0,8631,0.24446761673039045302,56,77.61193720310507,40,29.0,52
1154425585,Heidi Hohener,SAN FRANCISCO,Psychiatry,0.0,393,0.09160305343511450382,9,42.926259541984734,18,31.0,53
1154379089,Elliott Stein,SAN FRANCISCO,Psychiatry,127.0,978,0.16257668711656441718,20,69.91609406952963,36,33.0,53
1891955282,Jarrell Meier,SAN FRANCISCO,Psychiatry & Neurology,18.0,2075,0.35759036144578313253,85,389.45132530120475,100,43.0,53
1396775870,John Herbert,SAN FRANCISCO,Psychiatry,37.0,15167,0.08320696248434100349,7,50.98926353266959,22,48.0,54
1609171909,Usa Aroonlap,SAN FRANCISCO,Psychiatry,56.0,859,0.22584400465657741560,48,86.19885913853317,45,48.0,54
1528268216,Katherine Smith,SAN FRANCISCO,Psychiatry,0.0,743,0.29205921938088829071,70,178.46324360699865,87,55.0,54
1407886989,Heather Hall,SAN FRANCISCO,Psychiatry & Neurology,0.0,474,0.22151898734177215190,47,102.87508438818564,55,60.0,55
1255483061,Elizabeth Dawes,SAN FRANCISCO,Psychiatry & Neurology,69.0,1276,0.17711598746081504702,26,110.03481191222569,62,62.0,55
1578614350,Josh Gibson,SAN FRANCISCO,Psychiatry & Neurology,201.0,1154,0.34922010398613518198,82,62.508778162911604,31,63.0,55
1639275704,Yates Brown,SAN FRANCISCO,Psychiatry,105.0,6409,0.18692463722889686379,32,136.43676236542362,74,63.0,56
1922176924,Richard Patel,SAN FRANCISCO,Psychiatry & Neurology,11.0,1057,0.11731315042573320719,11,59.9671333964049,29,65.0,56
1366587115,Philip Wolfson,SAN FRANCISCO,Psychiatry,51.0,446,0.26008968609865470852,61,58.39914798206278,27,66.0,56
1982686374,James Bourgeois,SAN FRANCISCO,Psychiatry,27.0,615,0.41626016260162601626,92,80.28476422764227,42,68.0,57
1093728271,Peter Greenberg,SAN FRANCISCO,Psychiatry,78.0,577,0.22010398613518197574,46,37.567296360485265,15,69.0,57
1922145259,Cindy Le,SAN FRANCISCO,Psychiatry & Neurology,14.0,353,0.13881019830028328612,15,85.1809348441926,45,79.0,57
1770525370,Gwendolyn Rothman,SAN FRANCISCO,Psychiatry,166.0,2995,0.20701168614357262104,39,136.2557462437395,74,92.0,58
1235310822,Joanna Bornstein,SAN FRANCISCO,Psychiatry & Neurology,41.0,1750,0.17885714285714285714,28,72.71065714285713,38,99.0,58
1245434547,Zeba Hafeez,SAN FRANCISCO,Psychiatry,625.0,7464,0.23526259378349410504,52,103.18968247588424,56,103.0,58
1558604751,Arkadiy Yaretskiy,SAN FRANCISCO,Psychiatry & Neurology,39.0,361,0.21052631578947368421,41,92.07950138504154,48,104.0,59
1265454730,Alla Spivak,SAN FRANCISCO,Psychiatry,179.0,1002,0.40319361277445109780,90,159.54456087824352,82,107.0,59
1295026300,Eric Chan,SAN FRANCISCO,Psychiatry & Neurology,0.0,365,0.21643835616438356164,45,129.31093150684936,71,116.0,59
1831227248,Katherine Young,SAN FRANCISCO,Psychiatry,38.0,4228,0.18117313150425733207,29,110.54672185430461,63,117.0,60
1639188980,Steven Hamilton,SAN FRANCISCO,Psychiatry,42.0,2207,0.20208427729950158586,37,78.54641594925236,41,119.0,60
1205955499,John Rouse,SAN FRANCISCO,Psychiatry & Neurology,13.0,294,0.27210884353741496599,65,260.7894217687075,95,120.0,60
1144261322,William Anderson,SAN FRANCISCO,Psychiatry,22.0,868,0.13479262672811059908,14,50.47024193548388,21,125.0,61
1801025275,Verna Lo,SAN FRANCISCO,Psychiatry,46.0,1783,0.17666853617498597869,25,108.43201906898486,60,125.0,61
1649354176,Howard Rubin,SAN FRANCISCO,Psychiatry & Neurology,25.0,339,0.48377581120943952802,96,107.79952802359882,60,125.0,61
1891905345,Gary Huang,SAN FRANCISCO,Neuropsychiatry,0.0,238,0E-20,1,55.871806722689065,26,125.0,62
1750490777,Robert Scott,SAN FRANCISCO,Psychiatry,26.0,513,0.33138401559454191033,79,47.866257309941524,21,126.0,62
1316100076,Anneke Post,SAN FRANCISCO,Psychiatry,0.0,522,0.12260536398467432950,12,109.4641379310345,62,140.0,62
1225001522,Ana Gonzalez,SAN FRANCISCO,Psychiatry,140.0,6369,0.20992306484534463809,40,148.87901240383107,80,155.0,63
1265537450,Bobby Singh,SAN FRANCISCO,Neuropsychiatry,38.0,202,0.18811881188118811881,33,42.01391089108912,17,169.0,63
1154550549,Michael Murphy,SAN FRANCISCO,Psychiatry & Neurology,23.0,635,0.20787401574803149606,40,66.0835748031496,34,183.0,63
1649209768,Elias Aboujaoude,SAN FRANCISCO,Psychiatry,40.0,575,0.33043478260869565217,78,169.1186782608696,85,189.0,64
1780756635,Harry Coren,SAN FRANCISCO,Psychiatry,12.0,339,0.18289085545722713864,30,28.938318584070792,10,193.0,64
1659449668,Gilbert Villela,SAN FRANCISCO,Psychiatry,27.0,5079,0.10927347903130537507,10,79.54473321519986,41,196.0,64
1669409827,Wei-Li Hsu,SAN FRANCISCO,Psychiatry & Neurology,478.0,5269,0.21939646991839058645,46,104.03659328145754,56,204.0,65
1194878777,Jeffrey Sandler,SAN FRANCISCO,Psychiatry & Neurology,61.0,341,0.17888563049853372434,28,18.925161290322578,4,244.0,65
1689797565,Chesley Herbert,SAN FRANCISCO,Psychiatry,0.0,290,0.03793103448275862069,2,32.708862068965516,12,278.0,65
1144540451,Lawrence Kaplan,SAN FRANCISCO,Psychiatry,14.0,397,0.20151133501259445844,37,45.37198992443325,19,280.0,66
1790834174,Hung-Ming Chu,SAN FRANCISCO,Psychiatry,36.0,694,0.11239193083573487032,11,112.37525936599425,64,287.0,66
1144562737,David Tran,SAN FRANCISCO,Psychiatry,0.0,741,0.19703103913630229420,36,21.72519568151146,6,292.0,66
1710119425,Edward Maxwell,SAN FRANCISCO,Psychiatry,0.0,206,0E-20,1,33.554223300970875,13,310.0,67
1063555241,Robert Gutterman,SAN FRANCISCO,Psychiatry,0.0,7260,0.22727272727272727273,49,161.4242465564738,83,357.0,67
1245305986,John Baker,SAN FRANCISCO,Psychiatry,0.0,4107,0.24178232286340394449,55,55.88268078889701,26,375.0,67
1598806010,Michael Kirsch,SAN FRANCISCO,Psychiatry & Neurology,44.0,285,0.15438596491228070175,18,23.098350877192985,7,378.0,68
1992060958,Tomoya Hirota,SAN FRANCISCO,Psychiatry & Neurology,0.0,208,0.18750000000000000000,32,59.62259615384615,29,396.0,68
1255637716,Steven Foreman,SAN FRANCISCO,Psychiatry & Neurology,101.0,251,0.40239043824701195219,89,87.68091633466136,47,407.0,68
1386724110,Galina Gorodetsky,SAN FRANCISCO,Psychiatry,257.0,1969,0.25596749619095987811,60,39.65791264601321,15,414.0,69
1932275682,Tatyana Yasnovsky,SAN FRANCISCO,Psychiatry,843.0,4379,0.19662023292989266956,35,33.4255263758849,12,475.0,69
1801039839,Tara Collins,SAN FRANCISCO,Psychiatry & Neurology,0.0,1649,0.21528198908429351122,44,165.88847786537298,84,497.0,69
1255497962,Raymond Moczulski,SAN FRANCISCO,Psychiatry,399.0,8327,0.24678755854449381530,57,110.92215323645964,64,506.0,70
1922148188,Andrew Middleditch,SAN FRANCISCO,Psychiatry & Neurology,125.0,336,0.37202380952380952381,87,45.75410714285714,19,508.0,70
1326131855,Annabelle Chern,SAN FRANCISCO,Psychiatry,226.0,3676,0.17791077257889009793,27,129.22775843307946,71,509.0,70
1063518868,Masaru Fisher,SAN FRANCISCO,Psychiatry,326.0,6361,0.17764502436723785568,26,103.33784939474926,56,515.0,71
1164510145,Ravi Chandra,SAN FRANCISCO,Psychiatry,95.0,1056,0.21212121212121212121,41,94.2454356060606,50,627.0,71
1497928246,Scott Lauze,SAN FRANCISCO,Psychiatry & Neurology,0.0,380,0.26315789473684210526,63,37.447289473684215,14,643.0,72
1023309622,Michael Hipolito,SAN FRANCISCO,Psychiatry & Neurology,361.0,10617,0.22821889422624093435,50,115.12384289347277,66,832.0,72
1538282058,Steven Wozniak,SAN FRANCISCO,Psychiatry,12.0,4584,0.23778359511343804538,52,148.9920462478185,80,902.0,73
1467795245,Selena Chan,SAN FRANCISCO,Psychiatry & Neurology,0.0,613,0.26264274061990212072,62,104.74889070146818,57,944.0,73
1609093392,Teresa Mcguinness,SAN FRANCISCO,Psychiatry & Neurology,171.0,620,0.29354838709677419355,71,32.577612903225805,12,995.0,74
1205845542,Mel Blaustein,SAN FRANCISCO,Psychiatry,0.0,710,0.06760563380281690141,6,72.81100000000002,38,999.0,74
1114145711,Richard Lannon,SAN FRANCISCO,Psychiatry & Neurology,54.0,765,0.08496732026143790850,8,41.05360784313726,17,1023.0,75
1760593685,William Foote,SAN FRANCISCO,Psychiatry,35.0,1393,0.21320890165111270639,42,87.43347451543434,47,1073.0,75
1083764849,Silim Goldberger,SAN FRANCISCO,Psychiatry & Neurology,63.0,1202,0.31530782029950083195,75,52.38592346089851,23,1093.0,76
1881852002,Frederick Parris,SAN FRANCISCO,Psychiatry & Neurology,119.0,336,0.48809523809523809524,96,54.8202380952381,25,1125.0,76
1669501003,Bimmie Strausser,SAN FRANCISCO,Psychiatry & Neurology,0.0,280,0.04285714285714285714,3,30.886714285714287,11,1226.0,77
1215054689,Alan Lai,SAN FRANCISCO,Psychiatry & Neurology,95.0,1847,0.16892257715213860314,23,17.949767190037896,3,1235.0,77
1497707558,Donald Tarver,SAN FRANCISCO,Psychiatry & Neurology,0.0,876,0.35273972602739726027,84,176.07942922374434,86,1249.0,78
1306048145,Amy Yang,SAN FRANCISCO,Psychiatry & Neurology,67.0,892,0.18273542600896860987,30,50.630246636771304,22,1251.0,78
1679657365,Sally Kaufmann,SAN FRANCISCO,Psychiatry,65.0,1172,0.23037542662116040956,50,69.64905290102388,36,1252.0,79
1124162169,Lauren Schrock,SAN FRANCISCO,Neuropsychiatry,928.0,1972,0.63083164300202839757,99,144.16908215010145,77,1256.0,79
1447541560,Richard Feng,SAN FRANCISCO,Psychiatry & Neurology,41.0,889,0.23734533183352080990,52,45.52583802024748,19,1342.0,80
1396767026,James Mccurdy,SAN FRANCISCO,Geriatric Psychiatry,219.0,647,0.43740340030911901082,93,46.88969088098918,20,1366.0,80
1710014980,David Levine,SAN FRANCISCO,Psychiatry,69.0,979,0.07048008171603677222,6,63.67326864147089,32,1433.0,81
1538260765,Alexander Grinberg,SAN FRANCISCO,Psychiatry,1695.0,17497,0.17260101731725438647,24,40.31488255129449,16,1511.0,81
1538278205,Soo Chun,SAN FRANCISCO,Psychiatry & Neurology,167.0,3791,0.35821682933262991295,85,213.50746241097337,91,1514.0,82
1316026842,Eunjoo Justice,SAN FRANCISCO,Psychiatry & Neurology,78.0,4924,0.17831031681559707555,27,117.63533712428922,67,1750.0,82
1053327213,Lloyd King,SAN FRANCISCO,Psychiatry,133.0,3926,0.27763627101375445746,65,281.2374197656648,96,1764.0,83
1144562737,David Tran,SAN FRANCISCO,Psychiatry,0.0,741,0.19703103913630229420,36,21.72519568151146,6,1814.0,83
1659426013,Stanley Yantis,SAN FRANCISCO,Psychiatry,45.0,1838,0.22578890097932535365,48,55.134668117519034,26,1953.0,84
1659443067,Anthony Elite,SAN FRANCISCO,Psychiatry & Neurology,104.0,1830,0.20218579234972677596,38,126.12096174863385,69,1980.0,84
1740347830,John Kruse,SAN FRANCISCO,Psychiatry,165.0,2302,0.34361424847958297133,81,125.94295829713293,69,2008.0,85
1790927572,Meena Rajendren,SAN FRANCISCO,Psychiatry & Neurology,0.0,943,0.20784729586426299046,39,64.10282078472959,33,2165.0,85
1548448624,Raymond Eskuchen,SAN FRANCISCO,Psychiatry & Neurology,0.0,1035,0.21449275362318840580,43,153.33922705314006,81,2182.0,86
1659438950,William Quick,SAN FRANCISCO,Psychiatry & Neurology,74.0,3214,0.28718108276291225887,68,138.4670721841942,75,2213.0,86
1134259393,Douglas Anderson,SAN FRANCISCO,Psychiatry & Neurology,461.0,2928,0.36236338797814207650,86,128.42983606557382,70,2226.0,87
1124116629,Stephen Schneider,SAN FRANCISCO,Psychiatry,233.0,1737,0.21588946459412780656,44,55.015521013241205,25,2254.0,87
1023184710,Paul Heim,SAN FRANCISCO,Psychiatry,148.0,2971,0.19118142039717266913,34,110.66902053180745,63,2533.0,88
1568484863,Roman Rodriguez,SAN FRANCISCO,Psychiatry,70.0,549,0.29326047358834244080,71,206.51455373406193,91,2823.0,88
1750504114,Sanford Pepper,SAN FRANCISCO,Psychiatry & Neurology,161.0,630,0.36984126984126984127,87,100.1680634920635,54,3062.0,89
1245445170,Mark Schiller,SAN FRANCISCO,Psychiatry & Neurology,135.0,515,0.33203883495145631068,79,67.59060194174756,34,3213.0,89
1609975309,Peter Forster,SAN FRANCISCO,Psychiatry & Neurology,212.0,1229,0.24898291293734743694,58,109.80243287225385,62,4325.0,90
1699841809,David Ogami,SAN FRANCISCO,Psychiatry,141.0,6478,0.15205310280950910775,16,94.78853349799317,52,4358.0,90
1548351158,D. Feeley,SAN FRANCISCO,Psychiatry,83.0,7730,0.22794307891332470893,50,119.65359249676587,68,4414.0,91
1588694830,Yelena Zalkina,SAN FRANCISCO,Psychiatry,652.0,7878,0.24079715663874079716,54,116.44899466869765,66,4776.0,91
1851447320,Charles Connor,SAN FRANCISCO,Psychiatry,131.0,1199,0.24353628023352793995,55,74.4908507089241,39,5104.0,92
1013106897,Michael Ghaly,SAN FRANCISCO,Psychiatry & Neurology,38.0,2020,0.22376237623762376238,47,146.9420445544554,79,5453.0,92
1184672719,Mark Bernstein,SAN FRANCISCO,Psychiatry,0.0,2045,0.13545232273838630807,14,120.79840586797066,68,5756.0,93
1568589133,Edward Lee,SAN FRANCISCO,Psychiatry,324.0,4775,0.23895287958115183246,53,175.19638534031407,85,6869.0,93
1780619783,Travis Svensson,SAN FRANCISCO,Psychiatry,682.0,7382,0.23787591438634516391,53,82.09554592251413,43,6974.0,94
1760464648,Zhi Jiar Zhuang,SAN FRANCISCO,Psychiatry,751.0,6882,0.39988375472246439988,89,214.19218395815176,92,9002.0,94
1215001771,Andrew Klompus,SAN FRANCISCO,Psychiatry & Neurology,159.0,2552,0.27899686520376175549,66,107.0903173981191,59,9860.0,95
1639152598,Robert Hendren,SAN FRANCISCO,Psychiatry,0.0,347,0.17002881844380403458,24,166.19239193083573,84,11208.0,95
1760400667,Ulrich Berg,SAN FRANCISCO,Psychiatry,751.0,8101,0.30033329218614985804,72,127.51196765831381,70,11453.0,96
1306876883,Michael Levinson,SAN FRANCISCO,Psychiatry,1117.0,7766,0.27440123615761009529,65,98.61975276847795,53,14432.0,96
1467512509,Bennett Leventhal,SAN FRANCISCO,Psychiatry,0.0,256,0.04687500000000000000,4,84.151484375,44,15212.0,97
1659458289,Yim Chan,SAN FRANCISCO,Psychiatry,1095.0,10286,0.18617538401711063582,31,80.08736243437681,42,18078.0,97
1457401002,Karin Hastik,SAN FRANCISCO,Psychiatry & Neurology,95.0,6308,0.21591629676601141408,44,145.5452235256817,78,29726.0,98
1588615843,James Eyerman,SAN FRANCISCO,Psychiatry,0.0,377,0.26259946949602122016,61,145.8334217506631,78,63268.0,98
1366542953,William Prey,SAN FRANCISCO,Psychiatry & Neurology,682.0,4856,0.25185337726523887974,59,184.52813014827024,88,64435.0,99
1457370579,James Nelson,SAN FRANCISCO,Psychiatry & Neurology,61.0,314,0.28025477707006369427,66,63.06557324840765,31,79908.0,99
1447298625,Stephen Hall,SAN FRANCISCO,Psychiatry,175.0,1383,0.16847433116413593637,22,58.87284887924801,28,164067.0,100
1972654093,Thomas Lewis,SAN FRANCISCO,Psychiatry & Neurology,960.0,2497,0.47617140568682418903,95,165.50953944733686,83,190186.0,100
